"","id","cluster.PAM"
"ERR1306253","ERR1306253",1
"ERR1306176","ERR1306176",2
"ERR1306087","ERR1306087",2
"ERR1306170","ERR1306170",1
"ERR1306014","ERR1306014",2
"ERR1306021","ERR1306021",1
"ERR1306268","ERR1306268",2
"ERR1306309","ERR1306309",1
"ERR1306423","ERR1306423",2
"ERR1305971","ERR1305971",2
"ERR1306329","ERR1306329",3
"ERR1306082","ERR1306082",2
"SRR6075095","SRR6075095",2
"SRR6075097","SRR6075097",1
"SRR6075137","SRR6075137",2
"SRR6075100","SRR6075100",1
"SRR6075130","SRR6075130",2
"SRR6075132","SRR6075132",2
"SRR6075134","SRR6075134",2
"SRR6075136","SRR6075136",2
"SRR6075101","SRR6075101",2
"ACLE.POTR.62315","ACLE.POTR.62315",3
"ADJO.R.6515","ADJO.R.6515",2
"ALLA.6415","ALLA.6415",2
"ANTH.61215","ANTH.61215",3
"Aphids.tomato","Aphids.tomato",1
"ARCT.62315","ARCT.62315",2
"ARDE.6915","ARDE.6915",4
"AUPO.52015","AUPO.52015",2
"Bee2","Bee2",1
"Bee3","Bee3",1
"Bee4","Bee4",1
"Bee5","Bee5",1
"Bee6","Bee6",1
"BUQU.51615","BUQU.51615",2
"CAAN.LITU.8615","CAAN.LITU.8615",2
"CAAT.52415","CAAT.52415",3
"CACA.52815","CACA.52815",2
"CACA.SANI.52415","CACA.SANI.52415",3
"CAPH.6515","CAPH.6515",2
"CEUN.FRsp.72215","CEUN.FRsp.72215",3
"CHGL.6415","CHGL.6415",2
"CL.SM.13.F","CL.SM.13.F",3
"CL.SM.13.H","CL.SM.13.H",2
"CL.SM.16.F","CL.SM.16.F",3
"CL.SM.25.F","CL.SM.25.F",2
"CL.SM.27.F","CL.SM.27.F",1
"CL.SM.28.F","CL.SM.28.F",4
"COPA.6515","COPA.6515",2
"COUSS.51915","COUSS.51915",2
"DIFE.62515","DIFE.62515",4
"DYSC.52415","DYSC.52415",3
"EAIM.PIRI.9315","EAIM.PIRI.9315",3
"EI.CV.8.H","EI.CV.8.H",1
"EI.SM.10.F","EI.SM.10.F",3
"EI.SM.14.H","EI.SM.14.H",4
"EI.SM.14.M","EI.SM.14.M",4
"EI.SM.4.H","EI.SM.4.H",2
"EI.SM.5.M","EI.SM.5.M",2
"EPAR.51615","EPAR.51615",2
"EREB1.6215","EREB1.6215",3
"EREB2.6215","EREB2.6215",1
"EUCL.PRSE.51015","EUCL.PRSE.51015",3
"EUEG.81315.ASSY","EUEG.81315.ASSY",2
"EUFU.61915","EUFU.61915",3
"EUPO.61715","EUPO.61715",2
"GONO.62415","GONO.62415",2
"HERN.51915","HERN.51915",2
"HEST.6415","HEST.6415",2
"HYCE.PRSE.9315","HYCE.PRSE.9315",1
"HYCO.52015","HYCO.52015",2
"LABO.PIST.82815","LABO.PIST.82815",2
"LIHE.ACNE.BEPO.51915","LIHE.ACNE.BEPO.51915",3
"LYUN.PRSE.RUsp.52115","LYUN.PRSE.RUsp.52115",4
"MEES.6515","MEES.6515",2
"MEMP.61215","MEMP.61215",2
"MOAM.51615","MOAM.51615",3
"MORP.61215","MORP.61215",1
"NASA.51615","NASA.51615",2
"NOCT.52815","NOCT.52815",2
"NOT2.61215","NOT2.61215",3
"NOTO.52615","NOTO.52615",2
"NOTO.61215","NOTO.61215",2
"NOTO.POTR.61715","NOTO.POTR.61715",3
"NYAN.SANI.62315","NYAN.SANI.62315",2
"NYMP.6515","NYMP.6515",2
"NYSQ.6515","NYSQ.6515",2
"NYTA.6515","NYTA.6515",2
"OPTR.62415","OPTR.62415",2
"OXYT.6215","OXYT.6215",3
"PAFU.PIST.62315","PAFU.PIST.62315",3
"PEIL.62515","PEIL.62515",2
"PHRI.POTR.61715","PHRI.POTR.61715",2
"POLE.62415","POLE.62415",2
"PSEUDOMYR.6215","PSEUDOMYR.6215",2
"PTBR.52015","PTBR.52015",2
"PTER.6515","PTER.6515",2
"PYIS.ROMU.101215","PYIS.ROMU.101215",3
"RL.SM.10.H","RL.SM.10.H",2
"RL.SM.15.F","RL.SM.15.F",2
"RL.SM.15.H","RL.SM.15.H",2
"RL.SM.22.F","RL.SM.22.F",3
"RL.SM.22.H","RL.SM.22.H",2
"RL.SM.8.H","RL.SM.8.H",1
"SARE.52215","SARE.52215",3
"SC.SS.17.H","SC.SS.17.H",1
"SC.SS.7.F","SC.SS.7.F",1
"SC.SS.7.H","SC.SS.7.H",1
"SEAL.BEPO.RUOC.71315","SEAL.BEPO.RUOC.71315",2
"SPHI.52815","SPHI.52815",2
"SPHI.61215","SPHI.61215",3
"SPLA.62015","SPLA.62015",3
"SPLE.62515","SPLE.62515",2
"SPOD.61615","SPOD.61615",4
"TARC.6215","TARC.6215",2
"TAYG.6515","TAYG.6515",3
"TECA.PRSE.72215","TECA.PRSE.72215",3
"TECR.BEPO.72215","TECR.BEPO.72215",2
"TT.PQ.4.F","TT.PQ.4.F",2
"TT.PQ.4.M","TT.PQ.4.M",1
"UDKI.6915","UDKI.6915",4
"SRR2532226","SRR2532226",1
"SRR2532229","SRR2532229",1
"SRR2532230","SRR2532230",1
"SRR2532240","SRR2532240",1
"SRR2532243","SRR2532243",1
"SRR2532245","SRR2532245",1
"SRR2532253","SRR2532253",1
"SRR2532256","SRR2532256",1
"SRR2532257","SRR2532257",1
"ERR1101979","ERR1101979",1
"ERR1101826","ERR1101826",1
"ERR1101997","ERR1101997",1
"ERR1101864","ERR1101864",1
"ERR1101816","ERR1101816",1
"ERR1101849","ERR1101849",1
"ERR1101842","ERR1101842",1
"ERR1102000","ERR1102000",1
"ERR1101920","ERR1101920",1
"ERR1101992","ERR1101992",1
"ERR1101944","ERR1101944",1
"ERR1101827","ERR1101827",1
"ERR1101904","ERR1101904",1
"ERR1101996","ERR1101996",1
"ERR1102001","ERR1102001",1
"ERR1101808","ERR1101808",1
"ERR1101883","ERR1101883",1
"ERR1101985","ERR1101985",1
"ERR1101990","ERR1101990",1
"ERR1101987","ERR1101987",1
"ERR1101813","ERR1101813",1
"ERR1101874","ERR1101874",1
"ERR1101810","ERR1101810",2
"ERR1101965","ERR1101965",1
"ERR1101972","ERR1101972",2
"ERR1101923","ERR1101923",1
"ERR1697524","ERR1697524",1
"ERR1697594","ERR1697594",1
"ERR1697587","ERR1697587",1
"ERR1697562","ERR1697562",1
"ERR1697659","ERR1697659",1
"ERR1697655","ERR1697655",1
"ERR1697609","ERR1697609",1
"ERR1697540","ERR1697540",1
"ERR1697554","ERR1697554",1
"ERR1697683","ERR1697683",1
"10.4.2.21.7.2014","10.4.2.21.7.2014",1
"10.4.3.21.7.2014","10.4.3.21.7.2014",1
"13.7.3.21.7.14","13.7.3.21.7.14",1
"16.5.1.21.7.2014","16.5.1.21.7.2014",2
"17.9.F.16.6.14","17.9.F.16.6.14",1
"17.9.M.16.6.14","17.9.M.16.6.14",1
"28.8.F.16.6.2014","28.8.F.16.6.2014",1
"30.6.M.16.6.2014","30.6.M.16.6.2014",1
"33.8.20.6.2014","33.8.20.6.2014",1
"43.8.20.6.2014","43.8.20.6.2014",1
"49.5.11.6.2014","49.5.11.6.2014",1
"52.4.20.6.14","52.4.20.6.14",1
"54.4.20.6.14","54.4.20.6.14",1
"67.6.11.6.2014","67.6.11.6.2014",1
"74.4.20.6.14","74.4.20.6.14",1
"940.F.01","940.F.01",1
"1773.Thraupis.gauco3.lgi","1773.Thraupis.gauco3.lgi",2
"894.MR209.lane3.NoIndex.L003","894.MR209.lane3.NoIndex.L003",1
"1734.BD.ERD510","1734.BD.ERD510",2
"894.OS590.lane3.NoIndex.L003","894.OS590.lane3.NoIndex.L003",1
"1734.LD.NBS1062E","1734.LD.NBS1062E",2
"1773.Columb.passer5.lgi","1773.Columb.passer5.lgi",3
"940.CR.53.Fecal","940.CR.53.Fecal",3
"1734.LD.QCAZ.M51303","1734.LD.QCAZ.M51303",2
"894.F1468.lane5.NoIndex.L005","894.F1468.lane5.NoIndex.L005",1
"1734.LD.Carsow1","1734.LD.Carsow1",1
"894.SV1759.lane5.NoIndex.L005","894.SV1759.lane5.NoIndex.L005",1
"894.OS465.lane3.NoIndex.L003","894.OS465.lane3.NoIndex.L003",1
"1696.CT0001.3","1696.CT0001.3",1
"1734.LD.NBS1076E","1734.LD.NBS1076E",2
"1064.G.CV05","1064.G.CV05",4
"894.F1456.lane5.NoIndex.L005","894.F1456.lane5.NoIndex.L005",1
"2300.BB.4064.anus","2300.BB.4064.anus",2
"894.MR511.lane3.NoIndex.L003","894.MR511.lane3.NoIndex.L003",1
"1064.G.CV315","1064.G.CV315",4
"1064.G.CV04","1064.G.CV04",2
"894.YY1654.lane5.NoIndex.L005","894.YY1654.lane5.NoIndex.L005",1
"1734.LD.QCAZ.M50993","1734.LD.QCAZ.M50993",2
"1056.Myr.tri.Seat.9.04I04","1056.Myr.tri.Seat.9.04I04",2
"1773.Turdus.oliv2.gizz","1773.Turdus.oliv2.gizz",3
"1734.BD.ERD511","1734.BD.ERD511",2
"1734.LD.QCAZ.M50991","1734.LD.QCAZ.M50991",1
"894.MR298.lane3.NoIndex.L003","894.MR298.lane3.NoIndex.L003",1
"1056.Myr.tri.Seat.27.04K10","1056.Myr.tri.Seat.27.04K10",1
"940.P.03.Fecal","940.P.03.Fecal",1
"1773.Thraupis.gauco2.lgi","1773.Thraupis.gauco2.lgi",3
"894.YY1655.lane5.NoIndex.L005","894.YY1655.lane5.NoIndex.L005",1
"550.L1S92.s.1.sequence","550.L1S92.s.1.sequence",2
"894.YY959.lane3.NoIndex.L003","894.YY959.lane3.NoIndex.L003",1
"894.OS584.lane3.NoIndex.L003","894.OS584.lane3.NoIndex.L003",1
"1773.Turdus.oliv1.lgi","1773.Turdus.oliv1.lgi",3
"1734.LD.NBS1067E","1734.LD.NBS1067E",2
"1056.Myr.tri.Seat.4.03H10","1056.Myr.tri.Seat.4.03H10",2
"894.F1457.lane5.NoIndex.L005","894.F1457.lane5.NoIndex.L005",1
"550.L1S202.s.1.sequence","550.L1S202.s.1.sequence",1
"1773.Columb.passer1","1773.Columb.passer1",3
"2300.BB.12.colon","2300.BB.12.colon",2
"2300.BB.4085.anus","2300.BB.4085.anus",2
"894.OS591.lane3.NoIndex.L003","894.OS591.lane3.NoIndex.L003",1
"1774.35Fecal23.10.09","1774.35Fecal23.10.09",3
"894.F1570.lane5.NoIndex.L005","894.F1570.lane5.NoIndex.L005",1
"894.SV1424.lane5.NoIndex.L005","894.SV1424.lane5.NoIndex.L005",1
"1773.Thraupis.palm1.ugi","1773.Thraupis.palm1.ugi",3
"1773.Columb.passer4","1773.Columb.passer4",3
"1773.Columb.passer5.gizz","1773.Columb.passer5.gizz",3
"894.UY792.lane3.NoIndex.L003","894.UY792.lane3.NoIndex.L003",2
"1734.LD.NBS1051F","1734.LD.NBS1051F",2
"1773.Salt.max4.ugi","1773.Salt.max4.ugi",3
"894.F1455.lane5.NoIndex.L005","894.F1455.lane5.NoIndex.L005",1
"1056.Pri.max.Seat.2.13B02","1056.Pri.max.Seat.2.13B02",1
"1734.LD.NBS1054E","1734.LD.NBS1054E",3
"940.CR.54.Fecal","940.CR.54.Fecal",1
"894.SV1543.lane5.NoIndex.L005","894.SV1543.lane5.NoIndex.L005",1
"894.OS1922.lane2.NoIndex.L002","894.OS1922.lane2.NoIndex.L002",1
"1773.Turdus.oliv2.lgi","1773.Turdus.oliv2.lgi",3
"550.L2S77.s.2.sequence","550.L2S77.s.2.sequence",2
"2300.BB.4064.colon","2300.BB.4064.colon",2
"1734.LD.Ptepar1","1734.LD.Ptepar1",2
"1056.Myr.tri.Seat.21.04K01","1056.Myr.tri.Seat.21.04K01",3
"1734.LD.NBS1068E","1734.LD.NBS1068E",2
"1773.Thraupis.gauco1.lgi","1773.Thraupis.gauco1.lgi",3
"894.F1440.lane5.NoIndex.L005","894.F1440.lane5.NoIndex.L005",2
"1773.Platy.flav1.gizz","1773.Platy.flav1.gizz",2
"894.YY965.lane5.NoIndex.L005","894.YY965.lane5.NoIndex.L005",2
"963.Iguana.78.051611.LAB.vial.661","963.Iguana.78.051611.LAB.vial.661",2
"894.SV1770.lane5.NoIndex.L005","894.SV1770.lane5.NoIndex.L005",1
"894.GV998.lane5.NoIndex.L005","894.GV998.lane5.NoIndex.L005",1
"1696.CT0016.2","1696.CT0016.2",1
"940.CR.58.Fecal","940.CR.58.Fecal",1
"1734.LD.NBS1073B","1734.LD.NBS1073B",2
"1734.LD.QCAZ.M51307","1734.LD.QCAZ.M51307",2
"1056.Myr.tri.Seat.20.04K11","1056.Myr.tri.Seat.20.04K11",1
"1734.LD.NBS1051E","1734.LD.NBS1051E",2
"1773.Turdus.oliv2.ugi","1773.Turdus.oliv2.ugi",3
"1774.41Fecal23.10.09","1774.41Fecal23.10.09",1
"1774.302.Inte.Puer","1774.302.Inte.Puer",2
"1774.5.Inte.Puer","1774.5.Inte.Puer",1
"1773.Salt.max4.lgi","1773.Salt.max4.lgi",3
"894.F1454.lane5.NoIndex.L005","894.F1454.lane5.NoIndex.L005",1
"1773.Columb.passer6.lgi","1773.Columb.passer6.lgi",3
"940.CR.47.Fecal","940.CR.47.Fecal",1
"1734.LD.NBS1079E","1734.LD.NBS1079E",2
"1734.LD.Ptepar2","1734.LD.Ptepar2",2
"1773.Columb.passer8.crop","1773.Columb.passer8.crop",3
"1773.Thraupis.palm1.lgi","1773.Thraupis.palm1.lgi",3
"940.P.04.Fecal","940.P.04.Fecal",1
"1734.LD.NBS1053E","1734.LD.NBS1053E",1
"1773.Salt.max2.lgi","1773.Salt.max2.lgi",2
"1774.64Fecal24.10.09","1774.64Fecal24.10.09",3
"1773.Zono.capensis2.ugi","1773.Zono.capensis2.ugi",3
"1696.CT0005.0A","1696.CT0005.0A",1
"1774.24Fecal22.10.09","1774.24Fecal22.10.09",2
"894.YY1652.lane5.NoIndex.L005","894.YY1652.lane5.NoIndex.L005",1
"1773.Rhamp.carbo3.ugi","1773.Rhamp.carbo3.ugi",3
"894.SV1546.lane5.NoIndex.L005","894.SV1546.lane5.NoIndex.L005",1
"894.C1525.lane5.NoIndex.L005","894.C1525.lane5.NoIndex.L005",1
"963.Iguana.14.053010.BCO.vial.190","963.Iguana.14.053010.BCO.vial.190",3
"1773.Columb.passer1.ugi","1773.Columb.passer1.ugi",3
"940.CARP.28.Fecal","940.CARP.28.Fecal",2
"1064.G.CV284","1064.G.CV284",4
"1056.Pri.max.Seat.04J09","1056.Pri.max.Seat.04J09",1
"1774.67Fecal24.10.09","1774.67Fecal24.10.09",1
"940.P.01.Fecal","940.P.01.Fecal",1
"1696.CT0005.0B","1696.CT0005.0B",1
"894.C1524.lane5.NoIndex.L005","894.C1524.lane5.NoIndex.L005",1
"894.YY1653.lane5.NoIndex.L005","894.YY1653.lane5.NoIndex.L005",1
"1773.Zono.capensis2.lgi","1773.Zono.capensis2.lgi",3
"1773.Rhamp.carbo1.gizz","1773.Rhamp.carbo1.gizz",3
"1696.CT0003.2","1696.CT0003.2",1
"1696.CT0010.3B","1696.CT0010.3B",1
"1773.Rhamp.carbo2.ugi","1773.Rhamp.carbo2.ugi",3
"1734.LD.NBS1080E","1734.LD.NBS1080E",3
"894.SL877.lane3.NoIndex.L003","894.SL877.lane3.NoIndex.L003",1
"2300.BB.08.anus","2300.BB.08.anus",2
"1056.Zae.pic.Mend.2","1056.Zae.pic.Mend.2",1
"1773.Rhamp.carbo1.ugi","1773.Rhamp.carbo1.ugi",3
"894.F1453.lane5.NoIndex.L005","894.F1453.lane5.NoIndex.L005",1
"1773.Salt.max1.ugi","1773.Salt.max1.ugi",1
"1773.Thraupis.gauco2","1773.Thraupis.gauco2",3
"1773.Zono.capensis1.lgi","1773.Zono.capensis1.lgi",3
"894.C1518.lane5.NoIndex.L005","894.C1518.lane5.NoIndex.L005",1
"1056.Chl.tru.Mend.1","1056.Chl.tru.Mend.1",2
"1734.LD.NBS1047C","1734.LD.NBS1047C",2
"1773.Zono.capensis2.gizz","1773.Zono.capensis2.gizz",3
"1734.LD.DTS1230","1734.LD.DTS1230",2
"1773.Chirox.lance3.gizz","1773.Chirox.lance3.gizz",3
"894.F1561.lane5.NoIndex.L005","894.F1561.lane5.NoIndex.L005",1
"1734.LD.Urobil1","1734.LD.Urobil1",2
"1773.Columb.passer2.lgi","1773.Columb.passer2.lgi",3
"1734.BD.NBS1062","1734.BD.NBS1062",2
"1056.Myr.tri.Seat.1.07C04","1056.Myr.tri.Seat.1.07C04",3
"1734.LD.QCAZ.M51309","1734.LD.QCAZ.M51309",4
"1734.LD.NBS1060E","1734.LD.NBS1060E",2
"940.CR.35.Fecal","940.CR.35.Fecal",2
"894.F1560.lane5.NoIndex.L005","894.F1560.lane5.NoIndex.L005",1
"1734.LD.NBS1074E","1734.LD.NBS1074E",2
"1773.Columb.talpa6.gizz","1773.Columb.talpa6.gizz",3
"1056.Zae.pic.Mend.1","1056.Zae.pic.Mend.1",2
"894.C1519.lane5.NoIndex.L005","894.C1519.lane5.NoIndex.L005",1
"1773.Zono.capensis1.ugi","1773.Zono.capensis1.ugi",3
"1773.Salt.max1.lgi","1773.Salt.max1.lgi",3
"1774.21Fecal22.10.09","1774.21Fecal22.10.09",1
"894.GV1903.lane2.NoIndex.L002","894.GV1903.lane2.NoIndex.L002",2
"894.YY1148.lane5.NoIndex.L005","894.YY1148.lane5.NoIndex.L005",2
"1773.Rhamp.carbo1.lgi","1773.Rhamp.carbo1.lgi",3
"1734.LD.Perkap1","1734.LD.Perkap1",2
"1734.LD.DTS1222","1734.LD.DTS1222",2
"2300.BB.15.anus","2300.BB.15.anus",2
"894.OS1246.lane5.NoIndex.L005","894.OS1246.lane5.NoIndex.L005",1
"1773.Columb.passer1.gizz","1773.Columb.passer1.gizz",3
"1696.CT0015.2","1696.CT0015.2",1
"1734.LD.Glosor1","1734.LD.Glosor1",2
"1774.60.Inte.Puer","1774.60.Inte.Puer",1
"1064.G.CV324","1064.G.CV324",1
"894.UY718.lane3.NoIndex.L003","894.UY718.lane3.NoIndex.L003",1
"894.OR386.lane3.NoIndex.L003","894.OR386.lane3.NoIndex.L003",1
"1056.Myr.tri.Seat.5.3502","1056.Myr.tri.Seat.5.3502",1
"1774.220.Inte.Puer","1774.220.Inte.Puer",1
"940.CARP.10.Fecal","940.CARP.10.Fecal",1
"894.OS589.lane3.NoIndex.L003","894.OS589.lane3.NoIndex.L003",1
"1064.G.CV92","1064.G.CV92",4
"894.F1568.lane5.NoIndex.L005","894.F1568.lane5.NoIndex.L005",1
"1773.Columb.talpa5.crop","1773.Columb.talpa5.crop",3
"894.F1556.lane5.NoIndex.L005","894.F1556.lane5.NoIndex.L005",1
"2300.BB.05.colon","2300.BB.05.colon",2
"963.Iguana.164.052711.GAM.vial.763","963.Iguana.164.052711.GAM.vial.763",1
"894.UY733.lane3.NoIndex.L003","894.UY733.lane3.NoIndex.L003",1
"1773.Rhamp.carbo2.gizz","1773.Rhamp.carbo2.gizz",3
"894.UY732.lane3.NoIndex.L003","894.UY732.lane3.NoIndex.L003",1
"894.MR948.lane3.NoIndex.L003","894.MR948.lane3.NoIndex.L003",1
"1734.BD.ERD509","1734.BD.ERD509",3
"1734.LD.NBS1070E","1734.LD.NBS1070E",2
"1734.LD.Glosor2","1734.LD.Glosor2",2
"894.OS588.lane3.NoIndex.L003","894.OS588.lane3.NoIndex.L003",1
"1734.BD.NBS1059","1734.BD.NBS1059",3
"1734.BD.NBS1086","1734.BD.NBS1086",2
"1773.Salt.max2.gizz","1773.Salt.max2.gizz",2
"1734.LD.DTS1221","1734.LD.DTS1221",2
"1696.CT0012.3","1696.CT0012.3",1
"1734.LD.NBS1084B","1734.LD.NBS1084B",1
"550.L1S124.s.1.sequence","550.L1S124.s.1.sequence",2
"1774.46Fecal23.10.09","1774.46Fecal23.10.09",2
"550.L1S118.s.1.sequence","550.L1S118.s.1.sequence",3
"1734.LD.DTS1225","1734.LD.DTS1225",2
"894.SV1768.lane5.NoIndex.L005","894.SV1768.lane5.NoIndex.L005",2
"963.Iguana.54.062110.HPT.vial.260","963.Iguana.54.062110.HPT.vial.260",1
"1773.Thraupis.palm1.gizz","1773.Thraupis.palm1.gizz",3
"1774.31Fecal23.10.09","1774.31Fecal23.10.09",3
"894.F1459.lane5.NoIndex.L005","894.F1459.lane5.NoIndex.L005",1
"1064.G.CV263","1064.G.CV263",3
"1056.Pri.max.Seat.2.02V07","1056.Pri.max.Seat.2.02V07",1
"894.UY687.lane3.NoIndex.L003","894.UY687.lane3.NoIndex.L003",1
"1064.G.CJV199","1064.G.CJV199",2
"1734.LD.NBS1049B","1734.LD.NBS1049B",2
"894.MR183.lane3.NoIndex.L003","894.MR183.lane3.NoIndex.L003",1
"894.YY1873.lane2.NoIndex.L002","894.YY1873.lane2.NoIndex.L002",1
"1734.LD.NBS1081E","1734.LD.NBS1081E",2
"1773.Columb.talpa3.lgi","1773.Columb.talpa3.lgi",3
"894.SV1401.lane5.NoIndex.L005","894.SV1401.lane5.NoIndex.L005",1
"1734.LD.DTS1224","1734.LD.DTS1224",2
"894.UY730.lane3.NoIndex.L003","894.UY730.lane3.NoIndex.L003",1
"1774.44.Inte.Puer","1774.44.Inte.Puer",2
"1773.Thraupis.gauco2.gizz","1773.Thraupis.gauco2.gizz",3
"894.F1554.lane5.NoIndex.L005","894.F1554.lane5.NoIndex.L005",1
"1734.LD.Sl1","1734.LD.Sl1",2
"1773.Columb.talpa3.crop","1773.Columb.talpa3.crop",3
"1774.L543.Inte.Puer","1774.L543.Inte.Puer",2
"1774.258.Inte.Puer","1774.258.Inte.Puer",3
"963.Iguana.A4.2.061211.BOH.vial.980","963.Iguana.A4.2.061211.BOH.vial.980",1
"1774.1Fecal22.10.09","1774.1Fecal22.10.09",1
"894.YY1802.lane5.NoIndex.L005","894.YY1802.lane5.NoIndex.L005",1
"894.UY686.lane3.NoIndex.L003","894.UY686.lane3.NoIndex.L003",1
"1696.CT0012.4","1696.CT0012.4",1
"940.CARP.25.Fecal","940.CARP.25.Fecal",2
"1773.Zono.capensis1.gizz","1773.Zono.capensis1.gizz",3
"1734.BD.NBS1054","1734.BD.NBS1054",3
"550.L1S47.s.1.sequence","550.L1S47.s.1.sequence",2
"894.YY1204.lane5.NoIndex.L005","894.YY1204.lane5.NoIndex.L005",1
"1774.187.Inte.Puer","1774.187.Inte.Puer",3
"940.P.16.Fecal","940.P.16.Fecal",1
"1734.BD.ERD504","1734.BD.ERD504",2
"940.RD.04.Fecal","940.RD.04.Fecal",2
"894.SV1322.lane5.NoIndex.L005","894.SV1322.lane5.NoIndex.L005",1
"1734.BD.ERD505","1734.BD.ERD505",2
"1734.LD.NBS1086E","1734.LD.NBS1086E",2
"1774.462.Inte.Puer","1774.462.Inte.Puer",2
"894.C1517.lane5.NoIndex.L005","894.C1517.lane5.NoIndex.L005",1
"1734.BD.NBS1055","1734.BD.NBS1055",3
"1773.Platy.flav2.ugi","1773.Platy.flav2.ugi",3
"1773.Columb.talpa5.ugi","1773.Columb.talpa5.ugi",3
"1064.G.CV238","1064.G.CV238",2
"1773.Chirox.lance2.lgi","1773.Chirox.lance2.lgi",2
"940.CR.29.Fecal","940.CR.29.Fecal",1
"1773.Chirox.lance2.ugi","1773.Chirox.lance2.ugi",2
"1773.Platy.flav2.lgi","1773.Platy.flav2.lgi",3
"550.L1S370.s.1.sequence","550.L1S370.s.1.sequence",2
"894.C1516.lane5.NoIndex.L005","894.C1516.lane5.NoIndex.L005",1
"1774.66Fecal24.10.09","1774.66Fecal24.10.09",2
"1773.Columb.talpa2.gizz","1773.Columb.talpa2.gizz",3
"1064.G.CJV200","1064.G.CJV200",2
"1734.BD.ERD507","1734.BD.ERD507",2
"1056.Myr.tri.Seat.05D02","1056.Myr.tri.Seat.05D02",1
"963.Iguana.26.052910.BCO.vial.128","963.Iguana.26.052910.BCO.vial.128",2
"2300.BB.4085.colon","2300.BB.4085.colon",2
"1734.LD.NBS1055E","1734.LD.NBS1055E",2
"940.CR.36.Fecal","940.CR.36.Fecal",3
"894.OS439.lane3.NoIndex.L003","894.OS439.lane3.NoIndex.L003",1
"1773.Chirox.lance3.lgi","1773.Chirox.lance3.lgi",2
"1773.Salt.max3.gizz","1773.Salt.max3.gizz",3
"1734.LD.NBS1069E","1734.LD.NBS1069E",1
"894.F1463.lane5.NoIndex.L005","894.F1463.lane5.NoIndex.L005",1
"1734.LD.NBS1083E","1734.LD.NBS1083E",2
"1734.BD.ERD506","1734.BD.ERD506",1
"2300.BB.4067.anus","2300.BB.4067.anus",2
"1734.LD.Stulil2","1734.LD.Stulil2",2
"894.F1461.lane5.NoIndex.L005","894.F1461.lane5.NoIndex.L005",1
"1734.LD.NBS1072E","1734.LD.NBS1072E",2
"1734.BD.ERD503","1734.BD.ERD503",2
"894.SL847.lane3.NoIndex.L003","894.SL847.lane3.NoIndex.L003",2
"1734.LD.Artlit1","1734.LD.Artlit1",2
"963.Iguana.225.061011.SUR.vial.959","963.Iguana.225.061011.SUR.vial.959",2
"963.Iguana.159.052511.SUR.vial.793","963.Iguana.159.052511.SUR.vial.793",1
"1734.BD.ERD502","1734.BD.ERD502",2
"1774.451.Inte.Puer","1774.451.Inte.Puer",3
"940.CR.52.Fecal","940.CR.52.Fecal",1
"1734.BD.NBS1052","1734.BD.NBS1052",2
"894.F1553.lane5.NoIndex.L005","894.F1553.lane5.NoIndex.L005",1
"1773.Chirox.lance1.ugi","1773.Chirox.lance1.ugi",3
"1773.Columb.talpa6.lgi","1773.Columb.talpa6.lgi",3
"894.UY695.lane3.NoIndex.L003","894.UY695.lane3.NoIndex.L003",1
"1773.Platy.flav1.ugi","1773.Platy.flav1.ugi",2
"1773.Columb.talpa6.ugi","1773.Columb.talpa6.ugi",3
"1773.Chirox.lance1.lgi","1773.Chirox.lance1.lgi",3
"1773.Chirox.lance1.gizz","1773.Chirox.lance1.gizz",3
"722.M11Fcsw.1.s.1.1.sequence","722.M11Fcsw.1.s.1.1.sequence",1
"2300.BB.07.anus","2300.BB.07.anus",2
"894.MR184.lane3.NoIndex.L003","894.MR184.lane3.NoIndex.L003",1
"894.YY1106.lane5.NoIndex.L005","894.YY1106.lane5.NoIndex.L005",1
"894.YY982.lane5.NoIndex.L005","894.YY982.lane5.NoIndex.L005",1
"550.L2S53.s.2.sequence","550.L2S53.s.2.sequence",2
"550.L1S223.s.1.sequence","550.L1S223.s.1.sequence",1
"1773.Platy.flav2.gizz","1773.Platy.flav2.gizz",3
"894.YY1649.lane5.NoIndex.L005","894.YY1649.lane5.NoIndex.L005",1
"1734.BD.NBS1051","1734.BD.NBS1051",2
"894.UY1784.lane5.NoIndex.L005","894.UY1784.lane5.NoIndex.L005",1
"940.P.02.Fecal","940.P.02.Fecal",1
"1773.Columb.talpa2.crop","1773.Columb.talpa2.crop",4
"894.F1460.lane5.NoIndex.L005","894.F1460.lane5.NoIndex.L005",1
"894.OS1242.lane5.NoIndex.L005","894.OS1242.lane5.NoIndex.L005",1
"1734.BD.ERD501","1734.BD.ERD501",2
"MVB2015-2006","MVB2015-2006",1
"MVB2015-2008","MVB2015-2008",1
"MVB2015-2010","MVB2015-2010",1
"MVB2015-2012","MVB2015-2012",1
"MVB2015-2018","MVB2015-2018",2
"MVB2015-2022","MVB2015-2022",2
"MVB2015-2024","MVB2015-2024",1
"MVB2015-2026","MVB2015-2026",1
"MVB2015-2028","MVB2015-2028",1
"MVB2015-2030","MVB2015-2030",1
"MVB2015-2032","MVB2015-2032",1
"MVB2015-2034","MVB2015-2034",1
"MVB2015-2036","MVB2015-2036",1
"MVB2015-2040","MVB2015-2040",1
"MVB2015-2042","MVB2015-2042",1
"MVB2015-2044","MVB2015-2044",2
"MVB2015-2084","MVB2015-2084",1
"MVB2015-2088","MVB2015-2088",2
"MVB2015-2090","MVB2015-2090",1
"MVB2015-2094","MVB2015-2094",1
"MVB2015-2098","MVB2015-2098",2
"MVB2015-2212","MVB2015-2212",1
"MVB2015-2218","MVB2015-2218",2
"MVB2015-2220","MVB2015-2220",2
"MVB2015-2221","MVB2015-2221",1
"MVB2015-2222","MVB2015-2222",2
"MVB2015-2224","MVB2015-2224",2
"MVB2015-2225","MVB2015-2225",1
"MVB2015-2228","MVB2015-2228",2
"MVB2015-2258","MVB2015-2258",2
"MVB2015-2260","MVB2015-2260",2
"MVB2015-2262","MVB2015-2262",1
"MVB2015-2264","MVB2015-2264",2
"MVB2015-2266","MVB2015-2266",2
"MVB2015-2268","MVB2015-2268",1
"MVB2015-2289","MVB2015-2289",2
"MVB2015-2294","MVB2015-2294",1
"MVB2015-4857","MVB2015-4857",1
"MVB2015-4863","MVB2015-4863",2
"MVB2015-4865","MVB2015-4865",1
"MVB2015-4867","MVB2015-4867",1
"MVB2015-4871","MVB2015-4871",3
"MVB2015-4873","MVB2015-4873",1
"MVB2015-4881","MVB2015-4881",3
"MVB2015-4883","MVB2015-4883",1
"MVB2015-4917","MVB2015-4917",1
"MVB2015-4932","MVB2015-4932",1
"MVB2015-4934","MVB2015-4934",1
"MVB2015-4946","MVB2015-4946",4
"MVB2015-4950","MVB2015-4950",1
"MVB2015-4956","MVB2015-4956",1
"MVB2015-4958","MVB2015-4958",1
"MVB2015-4962","MVB2015-4962",1
"MVB2015-4974","MVB2015-4974",1
"MVB2015-5082","MVB2015-5082",1
"MVB2015-5086","MVB2015-5086",1
"MVB2015-5088","MVB2015-5088",2
"MVB2015-5090","MVB2015-5090",1
"MVB2015-5112","MVB2015-5112",2
"MVB2015-5114","MVB2015-5114",1
"MVB2015-5115","MVB2015-5115",4
"MVB2015-5116","MVB2015-5116",2
"MVB2015-5119","MVB2015-5119",4
"MVB2015-5121","MVB2015-5121",1
"MVB2015-5131","MVB2015-5131",1
"MVB2015-5141","MVB2015-5141",2
"MVB2015-5143","MVB2015-5143",1
"MVB2015-5145","MVB2015-5145",1
"MVB2015-5162","MVB2015-5162",1
"MVB2015-5163","MVB2015-5163",2
"Tad.I.001","Tad.I.001",2
"Tad.I.002","Tad.I.002",1
"Tad.I.004","Tad.I.004",1
"Tad.I.010","Tad.I.010",1
"Tad.I.014","Tad.I.014",1
"Tad.I.041","Tad.I.041",2
"Tad.I.056","Tad.I.056",2
"Tad.I.061","Tad.I.061",1
"Tad.I.073","Tad.I.073",1
"ERR2116909","ERR2116909",2
"ERR2116914","ERR2116914",2
"ERR2116949","ERR2116949",2
"ERR2116964","ERR2116964",1
"ERR2116965","ERR2116965",2
"ERR2116992","ERR2116992",1
"ERR2116994","ERR2116994",2
"ERR2117000","ERR2117000",1
"ERR2117009","ERR2117009",2
"ERR2117010","ERR2117010",2
"sra_data-15","sra_data-15",1
"sra_data-16","sra_data-16",1
"sra_data-23","sra_data-23",1
"sra_data-25","sra_data-25",2
"sra_data-27","sra_data-27",3
"sra_data-30","sra_data-30",2
"sra_data-40","sra_data-40",1
"sra_data-42","sra_data-42",1
"sra_data-44","sra_data-44",3
"sra_data-46","sra_data-46",3
"SRR1523374","SRR1523374",1
"SRR1523378","SRR1523378",1
"SRR1523382","SRR1523382",1
"SRR1523384","SRR1523384",1
"SRR1523388","SRR1523388",1
"SRR1523390","SRR1523390",1
"SRR1523386","SRR1523386",1
"SRR4290013","SRR4290013",1
"SRR4289985","SRR4289985",1
"SRR4289986","SRR4289986",1
"SRR4289992","SRR4289992",1
"SRR4289938","SRR4289938",1
"SRR4289942","SRR4289942",1
"SRR4289945","SRR4289945",1
"SRR4289967","SRR4289967",1
"SRR4289973","SRR4289973",1
"SRR946011","SRR946011",1
"SRR946013","SRR946013",1
"SRR945994","SRR945994",1
"SRR2121131","SRR2121131",1
"SRR850052","SRR850052",1
"SRR2121089","SRR2121089",1
"SRR2121090","SRR2121090",1
"SRR2121087","SRR2121087",1
"SRR2121109","SRR2121109",3
"SRR2121103","SRR2121103",1
"SRR2121116","SRR2121116",1
"SRR850081","SRR850081",1
"SRR935040","SRR935040",1
"SRR935047","SRR935047",1
"SRR2121157","SRR2121157",1
"SRR2121054","SRR2121054",1
"SRR2121062","SRR2121062",1
"SRR850062","SRR850062",1
"SRR850064","SRR850064",2
"SRR850065","SRR850065",2
"SRR850069","SRR850069",2
"SRR850072","SRR850072",1
"SRR850054","SRR850054",1
"ERR1720385","ERR1720385",1
"ERR1720386","ERR1720386",1
"ERR1720388","ERR1720388",1
"ERR1720389","ERR1720389",1
"ERR1720390","ERR1720390",2
"ERR1720391","ERR1720391",1
"ERR1720392","ERR1720392",1
"ERR1720394","ERR1720394",4
"ERR1720395","ERR1720395",4
"ERR1720400","ERR1720400",3
"ERR1720401","ERR1720401",2
"ERR1720402","ERR1720402",2
"ERR1720403","ERR1720403",5
"ERR1720404","ERR1720404",1
"ERR1720405","ERR1720405",2
"ERR1720408","ERR1720408",3
"ERR1720409","ERR1720409",4
"ERR1720410","ERR1720410",4
"ERR1720412","ERR1720412",4
"ERR1720414","ERR1720414",5
"ERR1720417","ERR1720417",4
"ERR1720418","ERR1720418",4
"ERR1720422","ERR1720422",4
"ERR1720426","ERR1720426",4
"ERR1720429","ERR1720429",4
"ERR1720431","ERR1720431",2
"ERR1720432","ERR1720432",2
"ERR1720435","ERR1720435",5
"ERR1720436","ERR1720436",5
"ERR1720438","ERR1720438",5
"ERR1720439","ERR1720439",5
"ERR1720440","ERR1720440",5
"ERR1720446","ERR1720446",5
"ERR1720447","ERR1720447",5
"ERR1720450","ERR1720450",5
"ERR1720452","ERR1720452",5
"ERR1720453","ERR1720453",4
"ERR1720454","ERR1720454",2
"ERR1720455","ERR1720455",2
"ERR1720456","ERR1720456",4
"ERR1720457","ERR1720457",2
"ERR1720458","ERR1720458",5
"ERR1720460","ERR1720460",3
"ERR1720461","ERR1720461",5
"ERR1720462","ERR1720462",5
"ERR1720464","ERR1720464",1
"ERR1720465","ERR1720465",2
"ERR1720467","ERR1720467",2
"ERR1720469","ERR1720469",5
"ERR1720471","ERR1720471",5
"ERR1720473","ERR1720473",1
"ERR1720474","ERR1720474",1
"ERR1720475","ERR1720475",4
"ERR1720477","ERR1720477",2
"ERR1720478","ERR1720478",2
"ERR1720479","ERR1720479",4
"ERR1720480","ERR1720480",3
"ERR1720482","ERR1720482",5
"ERR1720483","ERR1720483",5
"ERR1720484","ERR1720484",5
"ERR1720485","ERR1720485",1
"ERR1720486","ERR1720486",1
"ERR1720487","ERR1720487",5
"ERR1720488","ERR1720488",3
"ERR1720489","ERR1720489",5
"ERR1720491","ERR1720491",4
"ERR1720492","ERR1720492",2
"ERR1720493","ERR1720493",1
"ERR1720494","ERR1720494",2
"ERR1720497","ERR1720497",5
"ERR1720499","ERR1720499",5
"ERR1720500","ERR1720500",5
"ERR1720501","ERR1720501",2
"ERR1720502","ERR1720502",2
"ERR1720503","ERR1720503",2
"ERR1720504","ERR1720504",2
"ERR1720505","ERR1720505",4
"ERR1720508","ERR1720508",1
"ERR1720511","ERR1720511",2
"ERR1720512","ERR1720512",1
"ERR1720513","ERR1720513",2
"ERR1720516","ERR1720516",1
"ERR1720517","ERR1720517",1
"ERR1720519","ERR1720519",3
"ERR1720521","ERR1720521",1
"ERR1720523","ERR1720523",3
"ERR1720524","ERR1720524",1
"ERR1720525","ERR1720525",4
"ERR1720526","ERR1720526",4
"ERR1720527","ERR1720527",1
"ERR1720528","ERR1720528",2
"ERR1720529","ERR1720529",4
"ERR1720531","ERR1720531",5
"ERR1720533","ERR1720533",5
"ERR1720534","ERR1720534",4
"ERR1720535","ERR1720535",3
"ERR1720537","ERR1720537",4
"ERR1720538","ERR1720538",4
"ERR1720541","ERR1720541",4
"ERR1720542","ERR1720542",4
"ERR1720544","ERR1720544",4
"ERR1720546","ERR1720546",5
"ERR1720547","ERR1720547",5
"ERR1720548","ERR1720548",5
"ERR1720549","ERR1720549",5
"ERR1720552","ERR1720552",5
"ERR1720554","ERR1720554",4
"ERR1720555","ERR1720555",4
"ERR1720557","ERR1720557",4
"ERR1720558","ERR1720558",4
"ERR1720559","ERR1720559",3
"SRR2006076","SRR2006076",1
"SRR2006080","SRR2006080",1
"SRR2006084","SRR2006084",1
"SRR2006088","SRR2006088",1
"SRR2006092","SRR2006092",1
"SRR2006093","SRR2006093",1
"SRR2006094","SRR2006094",1
"ERR526315","ERR526315",3
"ERR526319","ERR526319",2
"ERR526320","ERR526320",1
"ERR526353","ERR526353",1
"ERR526366","ERR526366",1
"ERR526380","ERR526380",1
"ERR526382","ERR526382",1
"ERR526401","ERR526401",2
"ERR526402","ERR526402",2
